                  epoch,         train/box_loss,         train/cls_loss,         train/dfl_loss,   metrics/precision(B),      metrics/recall(B),       metrics/mAP50(B),    metrics/mAP50-95(B),           val/box_loss,           val/cls_loss,           val/dfl_loss,                 lr/pg0,                 lr/pg1,                 lr/pg2
                      1,                0.22637,                 2.0965,                0.97364,                0.80053,                0.76903,                0.76583,                0.75352,                0.23016,                0.96451,                0.42205,              0.0033315,              0.0033315,              0.0033315
                      2,                0.18371,                 1.1679,                0.91276,                0.85906,                 0.8026,                0.87281,                0.86412,                0.16601,                0.68723,                0.37317,              0.0066385,              0.0066385,              0.0066385
                      3,                0.21854,                0.99591,                0.92152,                0.79795,                0.76416,                0.83288,                0.82048,                0.26883,                0.75396,                0.47831,               0.009919,               0.009919,               0.009919
                      4,                0.22789,                0.90977,                0.92545,                0.87253,                0.83992,                0.87989,                0.86656,                 0.1942,                0.45713,                0.39297,              0.0098812,              0.0098812,              0.0098812
                      5,                0.19403,                0.75754,                0.91153,                0.82103,                0.89213,                 0.8725,                0.85685,                 0.2015,                0.44364,                0.42298,              0.0098812,              0.0098812,              0.0098812
                      6,                0.17748,                0.66545,                0.90255,                0.86475,                  0.879,                0.90056,                0.89495,                0.21114,                 0.4607,                0.42098,              0.0098416,              0.0098416,              0.0098416
                      7,                0.16276,                0.61688,                0.89884,                0.92385,                0.86886,                 0.9218,                0.91326,                0.17211,                0.32573,                0.37336,               0.009802,               0.009802,               0.009802
                      8,                0.15031,                0.57711,                0.89453,                0.89715,                0.86612,                 0.9122,                0.89945,                0.17426,                0.33804,                0.36749,              0.0097624,              0.0097624,              0.0097624
                      9,                0.14381,                0.54314,                0.89486,                0.93468,                0.86225,                0.92517,                0.91926,                0.19012,                0.34614,                 0.3983,              0.0097228,              0.0097228,              0.0097228
                     10,                0.13752,                0.51277,                0.89179,                0.90999,                0.92957,                0.93282,                0.93026,                 0.1695,                0.32054,                0.37342,              0.0096832,              0.0096832,              0.0096832
                     11,                0.12997,                0.50016,                0.88861,                0.92544,                0.89052,                0.92323,                0.92064,                0.13284,                0.23893,                0.33077,              0.0096436,              0.0096436,              0.0096436
                     12,                0.12435,                0.47779,                0.88639,                0.89796,                0.89684,                0.93124,                0.91928,                0.18721,                0.31807,                0.38096,               0.009604,               0.009604,               0.009604
                     13,                0.11811,                0.45627,                0.88523,                0.90967,                0.90893,                0.94523,                 0.9401,                0.15608,                0.25829,                0.35263,              0.0095644,              0.0095644,              0.0095644
                     14,                0.11544,                 0.4431,                0.88482,                0.94622,                0.85421,                0.92691,                0.92027,                0.14238,                0.26458,                0.34563,              0.0095248,              0.0095248,              0.0095248
                     15,                0.11292,                0.44051,                0.88299,                0.90092,                 0.9192,                0.92886,                0.92304,                0.14769,                0.28466,                0.34473,              0.0094852,              0.0094852,              0.0094852
                     16,                0.10929,                0.43033,                0.88225,                0.85527,                0.89186,                0.92185,                0.90758,                0.15305,                 0.3056,                0.35026,              0.0094456,              0.0094456,              0.0094456
                     17,                0.10776,                 0.4209,                0.88094,                0.88523,                0.96673,                0.96264,                0.96085,                0.15473,                0.25484,                0.35569,               0.009406,               0.009406,               0.009406
                     18,                0.10454,                0.40323,                0.87967,                0.92208,                0.89849,                0.93477,                0.93423,                0.14192,                0.25784,                 0.3534,              0.0093664,              0.0093664,              0.0093664
                     19,                0.10225,                0.39665,                0.88246,                0.89953,                0.91602,                0.93298,                0.93062,                0.15699,                0.28669,                0.35211,              0.0093268,              0.0093268,              0.0093268
                     20,                0.09966,                0.39651,                  0.882,                0.89026,                0.91519,                0.92782,                0.92782,                 0.1444,                0.23182,                0.33504,              0.0092872,              0.0092872,              0.0092872
                     21,                0.09905,                0.38681,                0.88085,                0.92873,                0.91956,                0.94954,                0.94838,                0.12323,                0.20712,                0.31782,              0.0092476,              0.0092476,              0.0092476
                     22,                0.09629,                0.37764,                0.88101,                0.91859,                0.91622,                0.94573,                0.94489,                0.13381,                0.26868,                0.33841,               0.009208,               0.009208,               0.009208
                     23,                0.09333,                0.36771,                0.87832,                0.90216,                0.94935,                0.95184,                0.94383,                0.10977,                0.19427,                0.30018,              0.0091684,              0.0091684,              0.0091684
                     24,                0.09154,                0.36772,                0.87906,                0.89794,                0.94555,                0.92993,                0.92714,                0.13255,                 0.2366,                0.32301,              0.0091288,              0.0091288,              0.0091288
                     25,                0.08999,                0.36156,                0.87586,                0.90678,                0.97127,                0.95627,                0.95623,                0.10837,                0.18782,                0.31018,              0.0090892,              0.0090892,              0.0090892
                     26,                0.09093,                0.35774,                0.87695,                0.88601,                0.93098,                0.93579,                0.93451,                 0.1169,                0.25073,                0.31766,              0.0090496,              0.0090496,              0.0090496
                     27,                0.09029,                0.35689,                0.87886,                0.90918,                0.90083,                0.94309,                0.94151,                0.10919,                0.24306,                0.30468,                0.00901,                0.00901,                0.00901
                     28,                0.08974,                0.34774,                0.87841,                0.91488,                0.92766,                0.94705,                0.94378,                0.13708,                0.19894,                0.32845,              0.0089704,              0.0089704,              0.0089704
                     29,                0.08549,                0.34294,                0.87785,                0.89258,                0.94234,                0.95279,                0.94599,                0.15812,                0.22305,                0.36291,              0.0089308,              0.0089308,              0.0089308
                     30,                0.08564,                0.33726,                0.87457,                0.89836,                0.97777,                0.96186,                0.96068,                 0.1209,                0.25232,                 0.3191,              0.0088912,              0.0088912,              0.0088912
                     31,                0.08221,                0.33076,                0.87268,                0.94525,                0.91022,                0.96126,                0.95375,                0.12034,                0.25423,                0.30922,              0.0088516,              0.0088516,              0.0088516
                     32,                 0.0833,                0.33688,                0.87814,                0.92543,                0.92824,                0.94627,                0.94497,                0.10516,                0.20826,                0.29832,               0.008812,               0.008812,               0.008812
                     33,                0.07901,                0.31973,                0.87293,                 0.9408,                0.92727,                0.96373,                0.96131,                0.09965,                0.20197,                0.29569,              0.0087724,              0.0087724,              0.0087724
                     34,                0.07972,                0.32397,                0.87457,                0.92253,                0.94957,                0.94932,                0.94893,                0.12564,                0.25303,                0.32527,              0.0087328,              0.0087328,              0.0087328
                     35,                0.07848,                 0.3287,                 0.8745,                0.95714,                0.92193,                0.96349,                 0.9603,                0.09944,                0.17371,                0.29159,              0.0086932,              0.0086932,              0.0086932
                     36,                0.07872,                0.31109,                0.87537,                0.89496,                0.96208,                0.95794,                0.95705,                0.09646,                0.19085,                0.28989,              0.0086536,              0.0086536,              0.0086536
                     37,                0.07808,                0.31267,                0.87412,                0.90409,                0.93949,                0.95768,                0.95545,                0.10226,                0.21707,                0.30023,               0.008614,               0.008614,               0.008614
                     38,                0.07826,                0.30781,                0.87254,                 0.9481,                0.92888,                0.96406,                0.95807,                0.11035,                  0.178,                0.30422,              0.0085744,              0.0085744,              0.0085744
                     39,                0.07674,                0.30942,                0.87583,                0.92414,                0.94566,                0.95274,                0.95054,                0.10898,                0.17278,                 0.2959,              0.0085348,              0.0085348,              0.0085348
                     40,                0.07594,                0.30547,                0.87631,                0.93027,                0.95293,                0.96699,                0.96539,                 0.1057,                0.19405,                0.29333,              0.0084952,              0.0084952,              0.0084952
                     41,                0.07645,                0.30363,                0.87484,                0.91177,                0.93545,                0.95286,                 0.9491,                0.12189,                 0.2352,                0.32468,              0.0084556,              0.0084556,              0.0084556
                     42,                0.07429,                0.30439,                0.87488,                0.91858,                0.94521,                 0.9591,                0.95861,                0.09932,                0.16805,                0.29038,               0.008416,               0.008416,               0.008416
                     43,                0.07373,                0.30876,                0.87267,                0.95234,                0.92486,                0.95596,                0.95539,                0.10484,                0.21953,                 0.3049,              0.0083764,              0.0083764,              0.0083764
                     44,                0.07287,                0.29851,                0.87249,                0.92749,                0.93394,                0.95547,                0.95264,                0.13599,                 0.2069,                0.33585,              0.0083368,              0.0083368,              0.0083368
                     45,                0.07308,                0.29422,                0.87184,                0.90337,                 0.9438,                0.95853,                 0.9567,                0.09182,                0.18815,                0.28687,              0.0082972,              0.0082972,              0.0082972
                     46,                0.07202,                0.29665,                0.87331,                0.92431,                0.95613,                0.95751,                 0.9552,                0.09985,                0.18395,                0.28899,              0.0082576,              0.0082576,              0.0082576
                     47,                0.07157,                0.29279,                0.87329,                0.91252,                0.96472,                0.96674,                0.96665,                0.11072,                0.21363,                0.30921,               0.008218,               0.008218,               0.008218
                     48,                0.07206,                0.29089,                0.87449,                0.91376,                0.94978,                0.95533,                0.95493,                0.09019,                0.22166,                0.28595,              0.0081784,              0.0081784,              0.0081784
                     49,                0.07187,                0.29313,                0.87573,                 0.9207,                0.96172,                0.96234,                0.96212,                0.10579,                0.19379,                0.29962,              0.0081388,              0.0081388,              0.0081388
                     50,                0.07041,                0.28682,                0.87301,                0.91806,                0.96894,                0.96251,                0.96239,                0.10956,                0.18826,                0.30073,              0.0080992,              0.0080992,              0.0080992
                     51,                0.06949,                0.28265,                0.87476,                0.90756,                0.95304,                0.96879,                0.96787,                0.12217,                0.20082,                 0.3238,              0.0080596,              0.0080596,              0.0080596
                     52,                0.06795,                0.28053,                0.87453,                0.93061,                0.91352,                 0.9493,                 0.9493,                0.08126,                0.22717,                 0.2781,                0.00802,                0.00802,                0.00802
                     53,                0.06734,                0.27868,                0.87251,                0.91248,                0.95021,                0.95749,                 0.9572,                0.09392,                0.23757,                0.28974,              0.0079804,              0.0079804,              0.0079804
                     54,                0.06655,                0.27752,                0.87131,                0.94481,                0.96942,                0.97791,                0.97689,                 0.1039,                0.21551,                0.29941,              0.0079408,              0.0079408,              0.0079408
                     55,                0.06698,                0.27539,                0.87219,                 0.9319,                0.95596,                0.97187,                0.97141,                0.08233,                 0.1884,                0.27387,              0.0079012,              0.0079012,              0.0079012
                     56,                0.06704,                0.27024,                0.87219,                 0.9386,                 0.9376,                0.96984,                0.96953,                0.09259,                0.17391,                0.28717,              0.0078616,              0.0078616,              0.0078616
                     57,                0.06975,                0.28311,                0.87406,                0.94387,                0.92851,                0.96605,                0.96605,                0.09282,                0.20625,                0.28696,               0.007822,               0.007822,               0.007822
                     58,                0.06699,                0.27077,                0.87081,                0.94364,                0.90862,                0.95913,                0.95768,                0.11887,                0.22123,                0.31361,              0.0077824,              0.0077824,              0.0077824
                     59,                0.06619,                0.26936,                0.87033,                0.96597,                0.90856,                0.96395,                0.96362,                0.12176,                0.18989,                0.31415,              0.0077428,              0.0077428,              0.0077428
                     60,                0.06591,                0.26144,                0.87186,                0.89742,                0.97113,                0.96371,                0.96362,                 0.1045,                0.22816,                0.30126,              0.0077032,              0.0077032,              0.0077032
                     61,                0.06403,                0.26051,                0.87073,                0.91495,                0.93794,                0.95977,                0.95842,                0.09708,                0.23326,                0.29404,              0.0076636,              0.0076636,              0.0076636
                     62,                0.06472,                0.26008,                0.87214,                0.92391,                0.96846,                0.97569,                0.97549,                0.12799,                0.22283,                0.33366,               0.007624,               0.007624,               0.007624
                     63,                0.06417,                0.26541,                 0.8716,                0.94926,                0.96208,                 0.9674,                0.96618,                0.12288,                0.26812,                0.32404,              0.0075844,              0.0075844,              0.0075844
                     64,                0.06398,                0.25633,                0.87189,                0.94943,                0.94538,                 0.9697,                 0.9697,                0.11185,                0.20595,                0.30967,              0.0075448,              0.0075448,              0.0075448
                     65,                0.06345,                 0.2593,                0.87033,                0.93003,                0.94815,                0.97211,                0.97211,                0.11981,                0.21692,                 0.3213,              0.0075052,              0.0075052,              0.0075052
                     66,                0.06319,                  0.252,                0.87114,                0.92147,                0.94785,                0.96605,                0.96605,                0.09057,                0.20776,                0.28252,              0.0074656,              0.0074656,              0.0074656
                     67,                0.06259,                0.25541,                0.86736,                0.93368,                 0.9568,                 0.9643,                 0.9643,                0.09878,                0.18698,                0.29718,               0.007426,               0.007426,               0.007426
                     68,                0.06173,                 0.2561,                0.87013,                0.91177,                0.95158,                 0.9651,                 0.9651,                0.10305,                0.20905,                0.30426,              0.0073864,              0.0073864,              0.0073864
                     69,                0.06401,                0.25881,                0.87081,                0.94934,                0.90717,                0.96092,                0.96092,                0.10293,                0.20662,                0.30431,              0.0073468,              0.0073468,              0.0073468
                     70,                0.06108,                0.25415,                0.87053,                0.92983,                0.94876,                0.97039,                0.97022,                 0.0966,                0.23152,                0.29705,              0.0073072,              0.0073072,              0.0073072
                     71,                0.06109,                0.24933,                0.86938,                0.92764,                0.95955,                0.97027,                0.96959,                0.10276,                0.20275,                0.30404,              0.0072676,              0.0072676,              0.0072676
                     72,                0.05983,                0.25126,                0.87138,                 0.9585,                0.92239,                0.96375,                0.96375,                 0.1016,                0.23616,                0.30167,               0.007228,               0.007228,               0.007228
                     73,                    inf,                0.25007,                0.86954,                0.90481,                0.95334,                0.95835,                0.95835,                 0.0943,                0.20191,                0.29018,              0.0071884,              0.0071884,              0.0071884
                     74,                0.05947,                0.24706,                0.86883,                0.89017,                0.97402,                0.95817,                0.95683,                 0.0869,                 0.2043,                0.28563,              0.0071488,              0.0071488,              0.0071488
                     75,                0.05911,                0.24923,                 0.8699,                0.94472,                0.91557,                0.96414,                0.96414,                0.10106,                0.22746,                0.29561,              0.0071092,              0.0071092,              0.0071092
                     76,                0.06024,                0.24368,                 0.8715,                0.89386,                0.97631,                0.96204,                0.96149,                0.11231,                0.27468,                0.31251,              0.0070696,              0.0070696,              0.0070696
                     77,                0.05991,                0.23851,                0.86849,                0.95382,                0.91799,                0.96729,                0.96713,                0.09203,                0.23597,                0.28971,                0.00703,                0.00703,                0.00703
                     78,                0.05969,                0.24213,                0.86977,                0.89737,                0.97475,                0.96534,                0.96534,                0.08324,                0.19233,                0.27779,              0.0069904,              0.0069904,              0.0069904
                     79,                0.05931,                0.24523,                0.87038,                0.93777,                0.93799,                0.96954,                0.96954,                 0.0705,                0.16565,                 0.2646,              0.0069508,              0.0069508,              0.0069508
                     80,                0.05784,                 0.2404,                0.87034,                0.96586,                0.91016,                0.96586,                0.96586,                0.07433,                0.18915,                0.26956,              0.0069112,              0.0069112,              0.0069112
                     81,                0.06001,                0.24249,                0.86995,                0.90028,                0.96633,                0.96163,                0.96163,                 0.0866,                0.21483,                0.28608,              0.0068716,              0.0068716,              0.0068716
                     82,                 0.0582,                 0.2389,                0.86729,                0.91526,                0.94896,                0.96369,                0.96369,                0.08632,                0.21056,                0.28263,               0.006832,               0.006832,               0.006832
                     83,                0.05888,                  0.239,                0.86895,                0.92176,                0.95825,                0.96582,                0.96582,                0.08359,                0.17731,                0.27956,              0.0067924,              0.0067924,              0.0067924
                     84,                0.05679,                0.23821,                0.86954,                0.93674,                0.95345,                0.97312,                0.97312,                0.08361,                0.14914,                0.27855,              0.0067528,              0.0067528,              0.0067528
                     85,                0.05721,                0.23678,                0.86922,                0.92003,                0.96525,                0.97044,                0.97044,                0.07628,                 0.1469,                0.27052,              0.0067132,              0.0067132,              0.0067132
                     86,                0.05722,                0.23204,                0.86965,                0.94886,                0.93371,                 0.9738,                0.97313,                0.08259,                0.19033,                0.27663,              0.0066736,              0.0066736,              0.0066736
                     87,                0.05813,                0.23528,                0.86833,                 0.9383,                0.93016,                0.96788,                0.96784,                 0.0855,                0.21257,                0.28142,               0.006634,               0.006634,               0.006634
                     88,                0.05586,                0.23291,                0.86962,                0.97064,                0.90959,                0.96596,                0.96582,                0.08611,                0.21465,                0.28703,              0.0065944,              0.0065944,              0.0065944
                     89,                0.05773,                0.23426,                0.86876,                0.96152,                0.92208,                0.96612,                0.96606,                0.08801,                0.21281,                0.28716,              0.0065548,              0.0065548,              0.0065548
                     90,                0.05691,                0.23056,                0.86939,                0.97978,                0.92143,                 0.9698,                0.96942,                0.08928,                 0.2013,                0.28677,              0.0065152,              0.0065152,              0.0065152
                     91,                0.05588,                0.22526,                0.87133,                0.95941,                0.93046,                0.97181,                0.97139,                0.09117,                0.20663,                0.28754,              0.0064756,              0.0064756,              0.0064756
                     92,                0.05587,                0.22421,                0.86936,                0.95576,                0.92761,                0.96946,                0.96946,                0.08857,                0.20375,                0.28265,               0.006436,               0.006436,               0.006436
                     93,                0.05417,                0.21548,                0.86811,                0.94465,                0.93764,                0.96891,                0.96768,                0.08252,                0.19064,                0.27527,              0.0063964,              0.0063964,              0.0063964
                     94,                0.05473,                0.22649,                0.86911,                0.95903,                0.93006,                0.97536,                0.97279,                  0.082,                0.17909,                0.27413,              0.0063568,              0.0063568,              0.0063568
                     95,                0.05509,                0.21565,                0.87047,                0.95852,                0.94673,                0.97859,                0.97746,                0.07983,                0.16919,                0.27131,              0.0063172,              0.0063172,              0.0063172
                     96,                0.05477,                0.22313,                0.87139,                0.97357,                0.93059,                0.97704,                0.97704,                0.08476,                0.20067,                 0.2776,              0.0062776,              0.0062776,              0.0062776
                     97,                0.05475,                0.22607,                 0.8685,                0.96867,                0.92497,                0.97575,                0.97575,                0.08694,                0.21114,                0.28167,               0.006238,               0.006238,               0.006238
                     98,                0.05321,                0.21817,                 0.8683,                0.95931,                0.95142,                0.97504,                0.97504,                 0.0878,                0.22237,                0.28328,              0.0061984,              0.0061984,              0.0061984
                     99,                 0.0538,                0.21991,                 0.8688,                 0.9521,                0.95847,                0.97613,                0.97613,                0.08775,                0.22655,                0.28437,              0.0061588,              0.0061588,              0.0061588
                    100,                0.05308,                0.21788,                0.86883,                0.95575,                0.96656,                0.97713,                0.97713,                0.08288,                0.21035,                0.27829,              0.0061192,              0.0061192,              0.0061192
                    101,                0.05245,                0.22381,                0.86742,                0.96187,                0.94751,                 0.9763,                0.97617,                0.07902,                0.18489,                 0.2725,              0.0060796,              0.0060796,              0.0060796
                    102,                0.05282,                0.21848,                0.86899,                0.93957,                0.97708,                0.97747,                0.97742,                0.07887,                0.19183,                0.27286,                0.00604,                0.00604,                0.00604
                    103,                0.05386,                0.21727,                0.86705,                0.93346,                0.97408,                0.97471,                0.97471,                0.07812,                0.19479,                0.27148,              0.0060004,              0.0060004,              0.0060004
                    104,                 0.0528,                0.21136,                0.87013,                0.93378,                 0.9774,                0.97548,                0.97548,                0.07519,                0.18636,                 0.2675,              0.0059608,              0.0059608,              0.0059608
                    105,                0.05485,                0.22111,                0.87073,                0.96329,                0.94356,                0.97617,                0.97617,                0.07268,                0.19317,                 0.2652,              0.0059212,              0.0059212,              0.0059212
                    106,                 0.0539,                0.22126,                0.86985,                0.96586,                0.94999,                0.97673,                0.97673,                0.07383,                0.18502,                0.26639,              0.0058816,              0.0058816,              0.0058816
                    107,                0.05217,                0.21431,                0.87095,                0.95852,                0.94691,                0.97647,                0.97647,                0.07355,                 0.1728,                0.26601,               0.005842,               0.005842,               0.005842
                    108,                0.05135,                0.21406,                0.86925,                0.96077,                 0.9444,                0.97458,                0.97458,                0.07673,                0.18383,                0.26967,              0.0058024,              0.0058024,              0.0058024
                    109,                0.05227,                0.20995,                0.86749,                0.96987,                0.93228,                0.97367,                0.97367,                0.07552,                0.19147,                0.26872,              0.0057628,              0.0057628,              0.0057628
                    110,                0.05336,                0.20295,                0.87204,                0.94953,                0.93572,                 0.9725,                 0.9725,                0.07665,                0.21192,                0.27008,              0.0057232,              0.0057232,              0.0057232
                    111,                0.05044,                0.20786,                0.86883,                0.94575,                0.93773,                0.97224,                0.97224,                0.07611,                0.20306,                0.26872,              0.0056836,              0.0056836,              0.0056836
                    112,                0.05167,                0.20987,                0.86749,                 0.9695,                0.93396,                0.97282,                0.97282,                0.07421,                0.18376,                0.26585,               0.005644,               0.005644,               0.005644
                    113,                0.05091,                0.20506,                 0.8701,                 0.9632,                0.92982,                0.97283,                0.97283,                0.07374,                0.18742,                0.26544,              0.0056044,              0.0056044,              0.0056044
                    114,                0.05174,                0.21624,                0.86718,                0.96638,                  0.935,                  0.974,                  0.974,                0.07317,                0.18082,                0.26411,              0.0055648,              0.0055648,              0.0055648
                    115,                0.05007,                0.20246,                0.86838,                0.96718,                0.93869,                0.97484,                0.97484,                 0.0735,                 0.1713,                0.26391,              0.0055252,              0.0055252,              0.0055252
                    116,                0.04995,                0.19743,                 0.8668,                0.96724,                0.95224,                0.97648,                0.97648,                 0.0731,                0.16653,                0.26333,              0.0054856,              0.0054856,              0.0054856
                    117,                0.04974,                0.19696,                0.86652,                0.96351,                0.95185,                0.97697,                0.97697,                0.07391,                0.17101,                0.26436,               0.005446,               0.005446,               0.005446
                    118,                0.04877,                0.19532,                0.86966,                0.96377,                0.95318,                0.97714,                0.97714,                0.07489,                0.17333,                0.26522,              0.0054064,              0.0054064,              0.0054064
                    119,                0.04976,                0.20032,                0.86925,                0.96069,                0.95439,                0.97711,                0.97711,                0.07593,                 0.1737,                 0.2663,              0.0053668,              0.0053668,              0.0053668
                    120,                0.05009,                0.19474,                0.86828,                0.96219,                0.96197,                0.97931,                0.97931,                0.07625,                0.16175,                0.26584,              0.0053272,              0.0053272,              0.0053272
                    121,                0.04842,                0.19703,                 0.8683,                0.95856,                0.96154,                0.97929,                0.97929,                0.07594,                0.16638,                0.26539,              0.0052876,              0.0052876,              0.0052876
                    122,                0.04904,                0.20318,                0.86937,                0.95991,                0.96208,                0.97971,                0.97971,                0.07638,                 0.1768,                0.26603,               0.005248,               0.005248,               0.005248
                    123,                0.04855,                0.20138,                0.86983,                0.96044,                0.96097,                0.98009,                0.98009,                 0.0768,                0.17957,                0.26651,              0.0052084,              0.0052084,              0.0052084
                    124,                0.04895,                0.19453,                0.86843,                0.94881,                0.96582,                0.98059,                0.98059,                 0.0772,                0.17417,                0.26668,              0.0051688,              0.0051688,              0.0051688
                    125,                0.04882,                0.18946,                0.86827,                0.96138,                0.96014,                0.98016,                0.98016,                0.07698,                0.17335,                0.26615,              0.0051292,              0.0051292,              0.0051292
                    126,                0.04779,                0.19723,                0.86651,                0.96767,                0.96108,                0.98015,                0.98015,                0.07676,                0.17433,                0.26579,              0.0050896,              0.0050896,              0.0050896
                    127,                0.04786,                0.20006,                 0.8676,                0.95913,                0.96359,                0.97968,                0.97968,                0.07602,                 0.1763,                0.26508,                0.00505,                0.00505,                0.00505
                    128,                0.04813,                0.20126,                0.86841,                0.96744,                0.96391,                0.98052,                0.98052,                0.07475,                 0.1667,                0.26311,              0.0050104,              0.0050104,              0.0050104
                    129,                0.04812,                0.19318,                0.86857,                0.96404,                 0.9651,                0.98102,                0.98102,                 0.0735,                0.15932,                0.26162,              0.0049708,              0.0049708,              0.0049708
                    130,                0.04735,                0.19307,                0.86765,                0.96051,                0.97337,                0.98167,                0.98167,                0.07162,                0.15409,                0.25937,              0.0049312,              0.0049312,              0.0049312
                    131,                0.04806,                0.20031,                0.86652,                0.96055,                0.97357,                0.98168,                0.98168,                0.07026,                0.14864,                0.25785,              0.0048916,              0.0048916,              0.0048916
                    132,                0.04829,                0.19279,                 0.8679,                0.96213,                0.97319,                0.98182,                0.98182,                0.06994,                0.14908,                 0.2573,               0.004852,               0.004852,               0.004852
                    133,                 0.0473,                0.19071,                0.86675,                0.96124,                0.97306,                0.98107,                0.98107,                0.07032,                0.14703,                0.25723,              0.0048124,              0.0048124,              0.0048124
                    134,                0.04686,                0.18889,                0.86926,                0.95899,                0.97461,                0.98104,                0.98104,                0.07108,                 0.1454,                0.25756,              0.0047728,              0.0047728,              0.0047728
                    135,                0.04587,                0.19395,                0.86922,                0.95803,                0.97188,                 0.9808,                 0.9808,                0.07126,                0.14499,                0.25757,              0.0047332,              0.0047332,              0.0047332
                    136,                0.04632,                0.18618,                 0.8687,                0.95646,                0.96706,                0.98034,                0.98034,                0.07127,                0.14662,                0.25755,              0.0046936,              0.0046936,              0.0046936
                    137,                0.04769,                0.18986,                0.86748,                0.95825,                0.96295,                0.97973,                0.97973,                0.07147,                0.14673,                0.25759,               0.004654,               0.004654,               0.004654
                    138,                0.04643,                0.18683,                0.86932,                0.95123,                 0.9684,                0.97893,                0.97893,                0.07144,                0.14651,                0.25747,              0.0046144,              0.0046144,              0.0046144
                    139,                0.04528,                0.18839,                0.86592,                0.95301,                0.96925,                0.97911,                0.97911,                0.07158,                0.14786,                0.25761,              0.0045748,              0.0045748,              0.0045748
                    140,                0.04493,                0.18825,                0.86789,                0.95413,                0.96969,                0.97871,                0.97871,                0.07168,                0.14966,                0.25783,              0.0045352,              0.0045352,              0.0045352
                    141,                0.04657,                 0.1858,                0.86716,                0.95483,                0.97488,                0.97867,                0.97867,                0.07206,                0.15299,                0.25842,              0.0044956,              0.0044956,              0.0044956
                    142,                0.04612,                0.18633,                0.86776,                0.95684,                0.97214,                 0.9783,                 0.9783,                0.07209,                0.15509,                0.25866,               0.004456,               0.004456,               0.004456
                    143,                0.04606,                0.17822,                0.86932,                0.95762,                0.97385,                 0.9791,                 0.9791,                0.07192,                0.15587,                0.25875,              0.0044164,              0.0044164,              0.0044164
                    144,                0.04611,                0.18709,                0.86806,                0.95575,                0.97034,                0.97915,                0.97915,                0.07161,                0.15508,                0.25862,              0.0043768,              0.0043768,              0.0043768
                    145,                0.04513,                0.17939,                0.86911,                0.95537,                0.97049,                0.97852,                0.97852,                0.07104,                0.15453,                0.25807,              0.0043372,              0.0043372,              0.0043372
                    146,                0.04494,                0.17945,                0.86789,                0.95772,                0.96851,                0.97893,                0.97893,                0.07101,                0.15604,                0.25839,              0.0042976,              0.0042976,              0.0042976
                    147,                0.04436,                0.17334,                0.86778,                0.96001,                0.96755,                0.97874,                0.97874,                0.07101,                0.15828,                0.25865,               0.004258,               0.004258,               0.004258
                    148,                0.04604,                0.18145,                0.86792,                0.96069,                0.96679,                0.97746,                0.97746,                0.07134,                 0.1591,                0.25927,              0.0042184,              0.0042184,              0.0042184
                    149,                0.04472,                0.18285,                0.86661,                0.96136,                0.96673,                0.97763,                0.97763,                0.07168,                0.16068,                0.25998,              0.0041788,              0.0041788,              0.0041788
                    150,                0.04416,                  0.179,                0.86736,                0.96248,                0.96647,                0.97785,                0.97785,                0.07192,                0.16113,                0.26055,              0.0041392,              0.0041392,              0.0041392
                    151,                0.04255,                 0.1799,                0.86577,                0.96307,                 0.9662,                0.97853,                0.97853,                 0.0726,                0.16284,                 0.2617,              0.0040996,              0.0040996,              0.0040996
                    152,                0.04315,                0.17757,                0.86741,                0.96185,                0.97212,                0.97878,                0.97878,                0.07332,                0.16419,                0.26289,                0.00406,                0.00406,                0.00406
                    153,                0.04278,                0.17504,                0.86702,                0.96231,                0.97013,                0.97955,                0.97955,                 0.0741,                0.16575,                0.26412,              0.0040204,              0.0040204,              0.0040204
                    154,                0.04255,                0.17679,                0.86681,                0.96081,                0.97159,                0.97929,                0.97929,                 0.0745,                 0.1664,                0.26465,              0.0039808,              0.0039808,              0.0039808
                    155,                0.04299,                0.17472,                0.86688,                0.96115,                0.97147,                0.97839,                0.97839,                0.07444,                0.16664,                0.26466,              0.0039412,              0.0039412,              0.0039412
                    156,                0.04242,                0.17548,                0.86886,                 0.9626,                0.96619,                0.97764,                0.97764,                 0.0744,                0.16833,                0.26474,              0.0039016,              0.0039016,              0.0039016
                    157,                0.04132,                0.17665,                0.86611,                0.96244,                0.97066,                0.97804,                0.97804,                0.07413,                0.16835,                0.26469,               0.003862,               0.003862,               0.003862
                    158,                0.04178,                 0.1735,                0.86651,                0.96218,                0.97104,                0.97804,                0.97804,                0.07401,                0.16739,                 0.2646,              0.0038224,              0.0038224,              0.0038224
                    159,                0.04174,                0.17493,                0.86763,                0.95988,                0.96884,                0.97769,                0.97769,                0.07388,                0.16715,                0.26467,              0.0037828,              0.0037828,              0.0037828
                    160,                0.04113,                0.16722,                0.86965,                0.95804,                0.96924,                0.97843,                0.97843,                0.07365,                0.16687,                0.26464,              0.0037432,              0.0037432,              0.0037432
                    161,                0.04044,                0.17274,                0.86769,                0.95677,                 0.9686,                0.97822,                0.97822,                0.07374,                0.16696,                0.26474,              0.0037036,              0.0037036,              0.0037036
                    162,                0.03985,                0.16622,                0.86661,                0.95572,                0.96787,                0.97853,                0.97853,                0.07368,                0.16797,                0.26491,               0.003664,               0.003664,               0.003664
                    163,                0.04061,                0.16448,                0.86574,                0.95541,                0.96712,                0.97857,                0.97857,                0.07387,                0.16743,                0.26539,              0.0036244,              0.0036244,              0.0036244
                    164,                0.04011,                0.16844,                0.86902,                0.95735,                0.96253,                0.97809,                0.97809,                0.07436,                0.16757,                0.26621,              0.0035848,              0.0035848,              0.0035848
                    165,                0.03942,                0.16326,                0.86637,                0.95616,                0.96206,                0.97791,                0.97791,                0.07435,                0.16708,                0.26613,              0.0035452,              0.0035452,              0.0035452
                    166,                0.03978,                0.16419,                0.86659,                0.95541,                0.96195,                0.97807,                0.97807,                0.07406,                0.16645,                0.26595,              0.0035056,              0.0035056,              0.0035056
                    167,                0.03896,                0.16664,                0.86962,                0.95544,                0.96203,                0.97805,                0.97805,                0.07419,                0.16692,                0.26628,               0.003466,               0.003466,               0.003466
                    168,                0.03923,                0.16575,                0.86441,                0.94664,                0.96566,                0.97773,                0.97773,                0.07395,                 0.1673,                0.26594,              0.0034264,              0.0034264,              0.0034264
                    169,                0.03955,                0.16492,                0.86893,                0.94435,                0.97146,                0.97729,                0.97729,                0.07349,                0.16706,                0.26531,              0.0033868,              0.0033868,              0.0033868
                    170,                0.03904,                0.16164,                0.86732,                0.94356,                0.97145,                0.97729,                0.97729,                0.07363,                0.16738,                0.26545,              0.0033472,              0.0033472,              0.0033472
                    171,                 0.0391,                0.16188,                0.86533,                0.94361,                0.97145,                0.97764,                0.97764,                0.07362,                0.16724,                0.26538,              0.0033076,              0.0033076,              0.0033076
                    172,                0.03802,                0.16146,                0.86565,                0.94328,                0.97145,                0.97694,                0.97694,                 0.0735,                0.16728,                0.26529,               0.003268,               0.003268,               0.003268
                    173,                0.03821,                0.16419,                0.86689,                0.94322,                0.97145,                0.97709,                0.97709,                0.07347,                0.16712,                0.26524,              0.0032284,              0.0032284,              0.0032284
                    174,                 0.0375,                0.16121,                0.86877,                0.94336,                0.97143,                0.97653,                0.97653,                0.07338,                0.16696,                0.26524,              0.0031888,              0.0031888,              0.0031888
                    175,                    inf,                0.15602,                0.86764,                0.94357,                0.97143,                0.97744,                0.97744,                0.07345,                0.16637,                0.26528,              0.0031492,              0.0031492,              0.0031492
                    176,                0.03772,                0.15829,                0.86608,                 0.9436,                0.97143,                0.97727,                0.97727,                0.07334,                0.16608,                0.26505,              0.0031096,              0.0031096,              0.0031096
                    177,                0.03809,                0.16023,                0.86624,                0.94178,                0.97144,                0.97669,                0.97669,                0.07318,                0.16575,                0.26488,                0.00307,                0.00307,                0.00307
                    178,                 0.0368,                0.16173,                0.86492,                0.93713,                0.97009,                0.97646,                0.97646,                0.07307,                0.16526,                0.26464,              0.0030304,              0.0030304,              0.0030304
                    179,                0.03633,                 0.1555,                0.86738,                0.96192,                0.94605,                0.97711,                0.97711,                0.07293,                0.16507,                0.26449,              0.0029908,              0.0029908,              0.0029908
                    180,                0.03726,                0.15796,                0.86433,                0.93733,                0.97273,                0.97663,                0.97663,                0.07267,                0.16494,                0.26423,              0.0029512,              0.0029512,              0.0029512
                    181,                0.03599,                0.15125,                0.86791,                0.93699,                0.97276,                0.97602,                0.97602,                0.07272,                 0.1646,                0.26416,              0.0029116,              0.0029116,              0.0029116
                    182,                0.03624,                0.15169,                0.86391,                 0.9366,                0.97276,                0.97641,                0.97641,                0.07252,                 0.1648,                0.26374,               0.002872,               0.002872,               0.002872
